City_ID,City,Lat,Lng,Max Temp,Humidity,Cloudiness,Wind Speed,Country,Date
0,bilibino,68.0546,166.4372,-27.96,100,96,1.11,RU,1699653124
1,iqaluit,63.7506,-68.5145,-8.15,62,100,3.09,CA,1699653105
2,bethel,41.3712,-73.414,9.97,61,100,0.45,US,1699653627
3,gadzhiyevo,69.2551,33.3362,-8.33,94,30,4.06,RU,1699653155
4,rio hato,8.3833,-80.1667,30.75,69,40,4.12,PA,1699653627
5,waitangi,-43.9535,-176.5597,11.01,83,100,0.89,NZ,1699653627
6,sao tome,0.3365,6.7273,26.03,84,100,3.47,ST,1699653637
7,fort mcmurray,56.7268,-111.381,3.77,70,0,4.63,CA,1699653611
8,adamstown,-25.066,-130.1015,22.88,80,0,5.69,PN,1699653638
9,grytviken,-54.2811,-36.5092,2.29,87,70,4.79,GS,1699653558
10,margaret river,-33.95,115.0667,11.39,86,8,5.45,AU,1699652992
11,barra de santo antonio,-9.4047,-35.5072,24.6,85,9,2.25,BR,1699653650
12,klyuchi,52.2667,79.1667,3.44,88,90,4.09,RU,1699653108
13,zhangjiakou shi xuanhua qu,40.6103,115.0447,-4.7,34,89,3.78,CN,1699653651
14,cockburn town,21.4612,-71.1419,28.43,77,0,10.39,TC,1699653362
15,ribeira grande,38.5167,-28.7,21.22,94,75,12.07,PT,1699653020
16,labrador city,52.9463,-66.9114,-5.05,74,100,3.09,CA,1699653171
17,dunay,42.8803,132.3375,-3.49,61,6,11.12,RU,1699653653
18,san vicente,-26.6167,-54.1333,25.46,73,13,1.77,AR,1699653654
19,port macquarie,-31.4333,152.9167,22.72,65,7,2.95,AU,1699653654
20,hawaiian paradise park,19.5933,-154.9731,27.15,79,100,2.57,US,1699653094
21,bredasdorp,-34.5322,20.0403,18.02,76,85,2.23,ZA,1699653139
22,oodweyne,9.4092,45.064,22.25,42,100,3.25,SO,1699653655
23,badger,64.8,-147.5333,-6.47,90,100,1.54,US,1699653201
24,rio verde de mato grosso,-18.9181,-54.8442,36.08,19,78,2.09,BR,1699653655
25,miles city,46.4083,-105.8406,8.73,35,99,1.4,US,1699653656
26,remire-montjoly,4.9167,-52.2667,27.68,80,23,6.67,GF,1699653167
27,saratoga springs,43.0831,-73.7846,9.58,56,41,1.34,US,1699653546
28,tura,25.5198,90.2201,17.31,91,0,1.62,IN,1699653044
29,ilulissat,69.2167,-51.1,-5.99,53,100,8.75,GL,1699653016
30,zagora,30.3484,-5.8365,20.88,23,5,0.59,MA,1699653657
31,sterling,39.0062,-77.4286,7.55,87,40,2.06,US,1699653658
32,berezovyy,51.6667,135.7,-8.57,80,83,0.32,RU,1699653240
33,saint-pierre,-21.3393,55.4781,25.32,73,75,2.06,RE,1699653658
34,uturoa,-16.7333,-151.4333,26.95,81,99,5.03,PF,1699653064
35,fort bragg,35.139,-79.006,14.32,79,100,3.6,US,1699653173
36,puerto ayora,-0.7393,-90.3518,29.98,89,65,3.13,EC,1699653115
37,avarua,-21.2078,-159.775,26.03,89,95,4.63,CK,1699653126
38,port-aux-francais,-49.35,70.2167,6.91,96,100,14.67,TF,1699653096
39,edinburgh of the seven seas,-37.0676,-12.3116,14.71,90,100,10.0,SH,1699653108
40,anadyr,64.75,177.4833,-14.72,78,75,5.0,RU,1699653118
41,cidreira,-30.1811,-50.2056,19.48,81,100,7.33,BR,1699653660
42,kutum,14.2,24.6667,22.84,30,100,4.89,SD,1699653661
43,luis moya,22.4324,-102.2486,22.38,48,100,3.45,MX,1699653662
44,pisco,-13.7,-76.2167,22.03,73,0,8.75,PE,1699653214
45,albany,42.6001,-73.9662,8.68,54,61,1.99,US,1699653127
46,invercargill,-46.4,168.35,15.75,39,0,1.58,NZ,1699653664
47,lautoka,-17.6167,177.4667,28.92,58,40,6.17,FJ,1699653239
48,buinsk,54.95,48.2833,1.95,84,55,7.43,RU,1699653665
49,ouargaye,11.5033,0.0572,30.7,22,34,2.34,BF,1699653665
50,grand falls-windsor,48.9332,-55.6649,1.39,92,100,5.17,CA,1699653665
51,ancud,-41.8697,-73.8203,11.04,76,89,11.11,CL,1699653172
52,tiksi,71.6872,128.8694,-13.38,86,100,9.74,RU,1699653103
53,kruisfontein,-34.0033,24.7314,17.59,81,3,7.45,ZA,1699653215
54,saipan,15.1355,145.701,28.92,79,82,9.03,MP,1699653667
55,ushuaia,-54.8,-68.3,11.81,54,0,2.57,AR,1699653101
56,blackmans bay,-43.0167,147.3167,17.07,81,65,0.89,AU,1699653100
57,port mathurin,-19.6833,63.4167,24.8,79,9,4.91,MU,1699653096
58,tolanaro,-25.0319,46.9987,20.04,77,20,2.06,MG,1699653187
59,es castell,39.8795,4.2854,16.38,63,0,3.6,ES,1699653668
60,isola di capo rizzuto,38.96,17.0933,16.77,74,99,7.95,IT,1699653669
61,enewetak,11.3474,162.3373,28.62,75,100,7.97,MH,1699653037
62,atafu village,-8.5421,-172.5159,29.28,72,28,5.42,TK,1699653139
63,wajir,1.7471,40.0573,26.77,73,100,5.3,KE,1699653669
64,bela vista,-22.1089,-56.5211,35.28,29,89,2.68,BR,1699653670
65,jamestown,42.097,-79.2353,9.77,62,75,7.2,US,1699653000
66,quatre cocos,-20.2078,57.7625,25.61,79,19,3.14,MU,1699653670
67,maibong,25.3,93.1667,16.66,93,5,0.36,IN,1699653671
68,aasiaat,68.7098,-52.8699,-7.93,91,99,2.67,GL,1699653210
69,kargil,34.5667,76.1,-2.24,79,69,1.26,IN,1699653246
70,valka,57.7752,26.0101,5.25,91,100,2.51,LV,1699653672
71,rabigh,22.7986,39.0349,29.34,64,22,0.23,SA,1699653149
72,buchach,49.0625,25.388,5.98,81,100,2.38,UA,1699653673
73,puerto natales,-51.7236,-72.4875,7.79,85,100,3.16,CL,1699653673
74,hasaki,35.7333,140.8333,12.22,64,100,11.65,JP,1699653110
75,andreyevka,55.9803,37.135,4.88,87,0,4.0,RU,1699653674
76,flying fish cove,-10.4217,105.6791,24.82,83,100,3.6,CX,1699653113
77,vadso,70.0744,29.7487,-1.91,86,40,6.69,NO,1699653145
78,nova sintra,14.8667,-24.7167,22.61,69,87,4.99,CV,1699653121
79,port elizabeth,-33.918,25.5701,19.16,77,0,1.03,ZA,1699653108
80,xining,36.6167,101.7667,-1.21,56,1,0.34,CN,1699653675
81,lexington,37.9887,-84.4777,14.0,55,0,2.57,US,1699653529
82,kodiak,57.79,-152.4072,0.73,60,75,3.6,US,1699653130
83,murray bridge,-35.1167,139.2667,17.29,59,95,8.3,AU,1699653676
84,malvan,16.0667,73.4667,26.64,72,35,2.63,IN,1699653107
85,yanda bayo,11.5071,10.7459,27.06,21,100,3.25,NG,1699653676
86,nueve de julio,-35.4444,-60.8831,14.42,99,100,0.89,AR,1699653677
87,yurga,55.7231,84.8861,0.86,98,100,2.7,RU,1699653677
88,nagqu,31.5,92.0,-5.33,78,98,1.43,CN,1699653677
89,jayapura,-2.5333,140.7,27.66,88,100,1.65,ID,1699653677
90,massawa,15.6097,39.45,28.44,67,85,1.03,ER,1699653678
91,maydolong,11.4992,125.5011,26.77,76,46,1.4,PH,1699653678
92,west island,-12.1568,96.8225,25.99,89,40,5.14,CC,1699653038
93,georgetown,5.4112,100.3354,27.23,95,20,2.06,MY,1699653180
94,tsiombe,-25.3,45.4833,20.87,61,88,3.52,MG,1699653246
95,alofi,-19.0595,-169.9187,26.94,83,75,2.57,NU,1699653250
96,thompson,55.7435,-97.8558,-0.91,80,100,2.57,CA,1699653142
97,timbuktu,16.7735,-3.0074,27.69,15,60,4.16,ML,1699653178
98,wailua homesteads,22.0669,-159.378,27.44,74,40,6.69,US,1699653160
99,darby,39.9184,-75.2591,8.91,86,75,5.66,US,1699653536
100,blagoevgrad,42.0167,23.1,12.39,83,85,4.02,BG,1699653680
101,talnakh,69.4865,88.3972,-7.66,95,100,6.05,RU,1699653133
102,mejit,10.2753,170.8646,27.72,85,100,9.37,MH,1699653681
103,san patricio,28.017,-97.5169,16.58,94,100,4.55,US,1699653185
104,punta arenas,-53.15,-70.9167,15.01,54,0,5.14,CL,1699653121
105,st. john's,47.5649,-52.7093,3.42,90,75,10.29,CA,1699653085
106,qaqortoq,60.7167,-46.0333,-7.48,61,78,4.68,GL,1699653132
107,kilju,40.9642,129.3278,-3.03,33,12,1.14,KP,1699653682
108,ketchikan,55.3422,-131.6461,7.97,93,100,6.17,US,1699653110
109,petropavlovsk-kamchatsky,53.0452,158.6483,-0.67,98,75,1.79,RU,1699653123
110,ribeira brava,32.65,-17.0667,21.51,79,43,1.27,PT,1699653682
111,morehead city,34.7229,-76.726,18.02,83,100,6.71,US,1699653485
112,longyearbyen,78.2186,15.6401,-10.09,79,75,0.51,SJ,1699653137
113,altay,47.8667,88.1167,-1.41,79,100,1.69,CN,1699653683
114,fortuna foothills,32.6578,-114.4119,24.71,10,10,1.34,US,1699653683
115,lethem,3.3803,-59.7968,35.03,49,20,6.17,GY,1699653684
116,guymon,36.6828,-101.4816,14.0,21,100,5.14,US,1699653684
117,tazacorte,28.629,-17.9293,20.54,78,20,4.12,ES,1699653125
118,yambio,4.5721,28.3955,21.12,94,100,0.74,SS,1699653685
119,tamanrasset,22.785,5.5228,20.17,13,4,1.04,DZ,1699653539
120,udachny,66.4167,112.4,-8.08,72,78,3.14,RU,1699653112
121,college,64.8569,-147.8028,-6.42,90,100,1.54,US,1699653117
122,fisterra,42.9049,-9.2629,17.64,97,100,10.31,ES,1699653237
123,dire,12.2833,-10.9667,24.6,38,96,0.75,ML,1699653686
124,cabo san lucas,22.8909,-109.9124,31.45,67,8,3.99,MX,1699653400
125,mar del plata,-38.0023,-57.5575,17.27,82,75,11.18,AR,1699653003
126,yuzhno-kurilsk,44.0306,145.8556,5.76,88,94,8.13,RU,1699653255
127,isafjordur,66.0755,-23.124,1.29,84,98,2.62,IS,1699653140
128,taoudenni,22.6783,-3.9836,25.53,14,0,4.09,ML,1699653125
129,chonchi,-42.6128,-73.8092,11.18,71,100,5.29,CL,1699652861
130,fale old settlement,-9.3852,-171.2468,28.51,79,41,4.85,TK,1699653041
131,east london,-33.0153,27.9116,19.98,90,39,5.85,ZA,1699653142
132,karratha,-20.7377,116.8463,23.9,45,1,5.5,AU,1699653045
133,strezhevoy,60.7333,77.5889,-8.35,97,100,1.34,RU,1699653689
134,belfast,54.5833,-5.9333,6.9,83,20,2.06,GB,1699653689
135,chokwe,-24.5333,32.9833,20.42,72,0,3.77,MZ,1699653689
136,ust-nera,64.5667,143.2,-32.04,97,55,1.34,RU,1699652871
137,yellowknife,62.456,-114.3525,3.09,97,75,3.6,CA,1699653122
138,luganville,-15.5333,167.1667,26.14,83,100,6.52,VU,1699653690
139,san luis,-33.295,-66.3356,26.59,48,27,5.93,AR,1699653691
140,opuwo,-18.0607,13.84,22.5,38,11,3.0,NA,1699653691
141,qarqaraly,49.4058,75.4742,1.89,84,100,2.99,KZ,1699653691
142,kiunga,-6.1219,141.2906,23.29,94,97,0.76,PG,1699653116
143,port alfred,-33.5906,26.891,19.78,88,23,4.76,ZA,1699653133
144,whitehorse,60.7161,-135.0538,0.43,86,100,0.0,CA,1699653154
145,keflavik,64.0049,-22.5624,3.24,87,40,4.12,IS,1699653107
146,mount isa,-20.7333,139.5,25.87,83,100,0.0,AU,1699653182
147,dudinka,69.4058,86.1778,-7.4,93,100,12.07,RU,1699653060
148,suzhou,31.3114,120.6181,11.65,73,100,3.99,CN,1699653625
149,east ballina,-28.8667,153.5833,19.33,82,86,0.46,AU,1699653693
150,yangliuqing,39.1375,116.9997,-0.03,32,97,2.52,CN,1699653665
151,vorgashor,67.5833,63.95,-15.91,100,81,1.4,RU,1699653049
152,new norfolk,-42.7826,147.0587,17.73,56,65,3.34,AU,1699653132
153,susuman,62.7833,148.1667,-29.95,99,84,0.26,RU,1699653137
154,pangoa,-12.1167,-73.0,28.51,57,15,1.0,PE,1699653119
155,rushville,39.6092,-85.4464,13.79,45,0,1.34,US,1699653695
156,weining,26.85,104.2333,7.87,90,7,0.89,CN,1699653695
157,saint-leu,-21.15,55.2833,24.98,92,52,2.97,RE,1699653696
158,carrizo springs,28.5219,-99.8606,15.34,88,100,3.09,US,1699653696
159,chu,43.5983,73.7614,4.84,67,17,0.91,KZ,1699653697
160,farias brito,-6.9306,-39.5656,34.38,27,0,1.71,BR,1699653672
161,altamira,-3.2033,-52.2064,33.05,55,20,1.54,BR,1699653688
162,poso,-1.3959,120.7524,25.26,84,45,2.14,ID,1699653697
163,mlalo,-4.9333,38.9333,22.94,92,98,1.81,TZ,1699653698
164,namibe,-15.1961,12.1522,20.36,77,59,1.98,AO,1699653256
165,gaspe,48.8334,-64.4819,2.95,100,100,1.54,CA,1699653698
166,yurty,56.0498,97.6348,-15.23,96,11,1.31,RU,1699653698
167,galliano,29.4422,-90.2992,26.0,78,75,2.06,US,1699653699
168,la mure,44.9026,5.7866,4.54,99,100,1.39,FR,1699653699
169,banamba,13.55,-7.45,26.21,22,79,3.2,ML,1699653699
170,haiku-pauwela,20.9219,-156.3051,29.01,54,20,2.06,US,1699653171
171,sainte-agathe-des-monts,46.0501,-74.2825,3.16,93,99,0.45,CA,1699653408
172,taro,-8.3862,115.28,22.0,91,100,0.34,ID,1699653700
173,rikaze,29.25,88.8833,-1.18,65,0,1.19,CN,1699653508
174,sinop,41.7711,34.8709,11.44,75,90,4.7,TR,1699653700
175,kulhudhuffushi,6.6221,73.07,27.81,79,58,3.82,MV,1699653224
176,ipiales,0.8302,-77.6496,15.43,72,40,6.17,CO,1699653701
177,lihue,21.9789,-159.3672,27.77,66,40,6.69,US,1699653023
178,stanley,54.868,-1.6985,3.07,92,0,3.09,GB,1699653088
179,ad dilam,23.9915,47.1627,21.23,31,100,1.9,SA,1699653702
180,khanty-mansiysk,61.0042,69.0019,-2.94,100,100,2.0,RU,1699653702
181,katsuren-haebaru,26.3369,127.8719,24.01,88,75,3.6,JP,1699653702
182,tucuma,-0.1833,-50.05,27.88,71,10,5.46,BR,1699653227
183,kuanda,56.3161,116.0806,-17.43,94,69,0.35,RU,1699653703
184,queenstown,-31.8976,26.8753,17.83,52,39,1.2,ZA,1699653024
185,la'ie,21.6477,-157.9253,28.98,79,71,2.68,US,1699653703
186,saldanha,-33.0117,17.9442,16.03,92,31,6.9,ZA,1699653704
187,fortuna,40.5982,-124.1573,13.85,92,100,4.63,US,1699653704
188,chuguyevka,44.1653,133.8633,-9.48,91,100,3.94,RU,1699653704
189,cao bang,22.6667,106.25,22.74,95,88,1.21,VN,1699653704
190,fumel,44.4986,0.9651,9.55,90,42,2.39,FR,1699653705
191,santana,-0.0583,-51.1817,31.1,66,20,7.2,BR,1699653705
192,lukolela,-1.0605,17.1821,21.95,99,99,1.42,CD,1699653706
193,aykhal,66.0,111.5,-9.26,56,79,7.19,RU,1699653706
194,loreto,22.2667,-101.9667,23.14,42,100,4.8,MX,1699653155
195,smithers,54.7804,-127.1743,4.18,75,100,5.14,CA,1699653201
196,camana,-16.6228,-72.7111,20.13,87,82,3.24,PE,1699653707
197,okhotsk,59.3833,143.3,-18.22,84,16,9.12,RU,1699653162
198,san andres,12.5847,-81.7006,31.01,79,40,4.63,CO,1699653189
199,bubaque,11.2833,-15.8333,29.01,54,91,4.34,GW,1699653708
200,anaconda,46.1285,-112.9423,4.15,46,86,5.07,US,1699653708
201,papatowai,-46.5619,169.4708,16.17,37,0,0.78,NZ,1699653708
202,ndele,8.4109,20.6473,23.05,88,100,1.11,CF,1699653709
203,tsagan aman,47.5639,46.7218,5.9,76,2,4.11,RU,1699653710
204,porbandar,21.6422,69.6093,27.25,61,48,3.8,IN,1699653710
205,juruti,-2.1522,-56.0922,30.47,46,7,1.78,BR,1699653711
206,hovd,48.0056,91.6419,-4.38,92,100,0.76,MN,1699653711
207,cidade velha,14.9167,-23.6167,25.26,65,40,5.66,CV,1699653711
208,hithadhoo,-0.6,73.0833,26.97,84,100,5.86,MV,1699653183
209,jinchang,38.4953,102.1739,-2.99,44,0,1.23,CN,1699653712
210,quellon,-43.1167,-73.6167,11.83,69,100,7.52,CL,1699653186
211,la ronge,55.1001,-105.2842,0.14,74,20,4.12,CA,1699653090
212,sakakah,29.9697,40.2064,19.76,32,56,2.24,SA,1699653713
213,santa cruz,-17.8,-63.1667,35.7,43,20,9.26,BO,1699652941
214,albu kamal,34.45,40.9186,20.69,32,15,1.03,SY,1699653714
215,chikwawa,-16.0335,34.8009,23.8,80,12,3.04,MW,1699653714
216,waddan,29.1614,16.139,21.95,30,1,3.27,LY,1699653185
217,mocimboa,-11.3167,40.35,24.98,90,48,3.31,MZ,1699653715
218,ende,-8.8432,121.6623,25.52,79,43,0.25,ID,1699653715
219,constitucion,-35.3333,-72.4167,12.85,84,79,6.36,CL,1699653716
220,carora,10.1755,-70.0827,28.99,57,99,6.18,VE,1699653716
221,scottburgh,-30.2867,30.7532,19.62,94,41,6.18,ZA,1699653717
222,ponta delgada,37.7333,-25.6667,22.33,94,75,7.2,PT,1699653658
223,luena,-11.7833,19.9167,21.1,78,0,2.06,AO,1699653717
224,carnarvon,-24.8667,113.6333,20.5,73,100,9.0,AU,1699653717
225,khost,33.3395,69.9204,11.86,68,0,1.02,AF,1699653717
226,hisar,29.1667,75.7167,17.47,64,0,2.53,IN,1699653718
227,olonkinbyen,70.9221,-8.7187,-0.79,84,100,3.93,SJ,1699653024
228,bida,9.0833,6.0167,28.27,38,77,1.05,NG,1699653718
229,majene,-3.5403,118.9707,26.01,87,77,2.25,ID,1699653718
230,aripuana,-9.1667,-60.6333,31.17,45,69,1.4,BR,1699653718
231,greymouth,-42.4667,171.2,12.49,76,1,1.51,NZ,1699653640
232,constantia,44.1833,28.65,14.38,76,100,5.15,RO,1699652900
233,harper,4.375,-7.7169,25.1,90,49,3.43,LR,1699653719
234,kill devil hills,36.0307,-75.676,15.55,65,100,9.77,US,1699653121
235,luanda,-8.8368,13.2343,26.0,83,75,5.14,AO,1699653253
236,kasongo,-4.45,26.6667,20.5,96,100,0.73,CD,1699653720
237,sakiet sidi youssef,36.2229,8.3555,9.76,69,4,1.79,TN,1699653720
238,alcaniz,41.05,-0.1333,12.96,67,14,5.01,ES,1699653720
239,port alberni,49.2413,-124.8028,10.62,94,100,0.89,CA,1699653718
240,ban karon,7.8477,98.2985,29.32,78,100,2.13,TH,1699653721
241,colonia,50.9333,6.95,8.75,87,100,4.12,DE,1699653135
242,pervomayskoye,43.919,46.7102,7.64,55,1,1.5,RU,1699653721
243,kosti,13.1629,32.6635,28.16,55,41,3.12,SD,1699653722
244,verkhnevilyuysk,63.4453,120.3167,-20.17,100,99,1.34,RU,1699653722
245,petauke,-14.2426,31.3253,21.98,67,4,4.97,ZM,1699653722
246,sirte,31.2089,16.5887,22.51,51,0,4.18,LY,1699653723
247,taunggyi,20.7833,97.0333,14.68,96,64,0.61,MM,1699653723
248,nova vicosa,-17.8919,-39.3719,25.39,82,1,6.47,BR,1699653723
249,brookings,44.3114,-96.7984,3.99,69,100,0.0,US,1699653056
250,el calafate,-50.3408,-72.2768,13.24,50,96,4.06,AR,1699653724
251,iskateley,67.6803,53.1512,-8.88,93,69,3.13,RU,1699653169
252,lebu,-37.6167,-73.65,12.08,79,74,8.67,CL,1699653157
253,laojunmiao,39.8333,97.7333,-5.63,40,0,3.29,CN,1699653725
254,moissala,8.3404,17.7663,23.27,89,78,1.72,TD,1699653725
255,tralee,52.2704,-9.7026,7.89,84,100,2.62,IE,1699653230
256,salekhard,66.53,66.6019,-12.59,93,79,0.91,RU,1699653725
257,whangarei,-35.7317,174.3239,19.95,47,16,0.28,NZ,1699653650
258,ugoofaaru,5.6667,73.0,27.63,78,71,2.22,MV,1699653194
259,lata,40.1629,-8.3327,17.26,97,100,3.29,PT,1699653221
260,bafra,41.5678,35.9069,16.51,79,85,4.46,TR,1699653726
261,huambo,-12.7761,15.7392,15.89,94,100,2.06,AO,1699653727
262,montepuez,-13.1256,38.9997,22.65,84,43,2.99,MZ,1699653727
263,pacific grove,36.6177,-121.9166,22.99,54,0,1.34,US,1699652968
264,san fernando de apure,7.8878,-67.4724,27.8,78,99,2.2,VE,1699653727
265,sarangani,5.4033,125.4636,28.79,75,100,7.21,PH,1699653728
266,broken hill,-31.95,141.4333,29.08,25,44,5.21,AU,1699653479
267,kavaratti,10.5669,72.642,27.82,78,59,3.18,IN,1699653728
268,hadibu,12.65,54.0333,26.81,80,90,5.22,YE,1699653093
269,greenland,43.0362,-70.8328,9.36,71,100,0.45,US,1699653729
270,ambodifotatra,-16.9833,49.85,25.25,82,96,3.38,MG,1699653729
271,ocean city,39.2776,-74.5746,8.01,89,100,2.24,US,1699653625
272,puerto yuca,2.9383,-73.2083,25.71,93,94,0.74,CO,1699653729
273,toamasina,-18.1667,49.3833,23.0,94,75,1.54,MG,1699653730
274,san fernando,15.0286,120.6898,25.85,88,99,1.85,PH,1699653730
275,tidjikja,18.5564,-11.4271,24.33,12,0,4.81,MR,1699653730
276,holualoa,19.6228,-155.9522,28.08,66,51,1.34,US,1699653730
277,arraial do cabo,-22.9661,-42.0278,23.98,88,20,4.12,BR,1699653731
278,robore,-18.3333,-59.75,40.05,35,20,7.72,BO,1699653731
279,kisangani,0.5167,25.2,20.36,97,93,0.41,CD,1699653731
280,sandnessjoen,66.0217,12.6316,2.06,51,0,5.14,NO,1699653732
281,codrington,-38.2667,141.9667,14.84,60,87,6.7,AU,1699653732
282,hastings,50.8552,0.5729,6.4,86,5,5.79,GB,1699653251
283,maxixe,-23.8597,35.3472,20.27,76,0,3.3,MZ,1699653733
284,guatire,10.4762,-66.5427,24.67,96,93,1.67,VE,1699653733
285,island harbour,50.724,-1.2758,7.22,87,2,1.34,GB,1699653117
286,belozersk,60.0326,37.7957,4.43,90,100,4.02,RU,1699653734
287,dunedin,-45.8742,170.5036,17.26,64,0,3.58,NZ,1699653692
288,zuenoula,7.4292,-6.0431,23.2,96,100,1.79,CI,1699653735
289,rongelap,11.1635,166.8941,27.94,80,100,9.28,MH,1699653182
290,priargunsk,50.3691,119.1012,-19.31,91,78,0.59,RU,1699653735
291,palikir - national government center,6.9248,158.1611,25.41,89,100,0.0,FM,1699653015
292,utrik,11.2278,169.8474,27.53,84,100,9.27,MH,1699653736
293,hermanus,-34.4187,19.2345,17.13,87,84,1.46,ZA,1699653736
294,semporna,4.4818,118.6112,25.8,90,79,2.26,MY,1699653737
295,berdigestyakh,62.0989,126.6992,-28.06,100,100,0.82,RU,1699653737
296,la sarre,48.8002,-79.1996,-3.22,92,100,3.56,CA,1699653052
297,aromashevo,56.8602,68.6375,0.4,97,100,2.24,RU,1699653738
298,kalmunai,7.4167,81.8167,25.44,87,17,1.35,LK,1699653248
299,kati,12.7441,-8.0726,23.67,24,100,1.75,ML,1699653738
300,kailua-kona,19.6406,-155.9956,30.15,67,40,5.66,US,1699653044
301,port saint john's,-31.6229,29.5448,20.48,92,27,5.39,ZA,1699653206
302,bhamo,24.2667,97.2333,17.78,73,1,0.76,MM,1699653739
303,acarau,-2.8856,-40.12,26.52,76,3,8.89,BR,1699653092
304,klaksvik,62.2266,-6.589,5.51,76,48,7.09,FO,1699653740
305,kastoria,40.5167,21.2667,8.92,96,91,0.98,GR,1699653740
306,peace river,56.2501,-117.286,8.17,53,20,6.17,CA,1699653678
307,grande prairie,55.1667,-118.8027,9.1,37,20,5.66,CA,1699653577
308,laguna,38.421,-121.4238,21.27,39,0,4.12,US,1699653254
309,butajira,8.1167,38.3667,14.65,59,16,3.85,ET,1699653741
310,puerto lempira,15.2667,-83.7667,28.51,80,72,3.37,HN,1699653203
311,dehui,44.5333,125.7,-15.32,94,9,2.87,CN,1699653742
312,khandyga,62.6667,135.6,-35.98,100,65,0.58,RU,1699653261
313,itaituba,-4.2761,-55.9836,35.09,46,20,2.06,BR,1699653743
314,tabou,4.423,-7.3528,24.96,90,70,3.27,CI,1699653743
315,walvis bay,-22.9575,14.5053,16.53,82,68,0.0,NA,1699653184
316,pala,9.3642,14.9046,25.97,62,55,2.44,TD,1699653744
317,shimoda,34.6667,138.95,15.06,74,78,6.3,JP,1699653744
318,port lincoln,-34.7333,135.8667,15.2,68,42,8.45,AU,1699653180
319,naze,28.3667,129.4833,20.51,71,99,5.23,JP,1699653745
320,sakaraha,-22.9,44.5333,18.98,68,1,4.11,MG,1699653745
321,ellsworth,44.5434,-68.4195,7.7,75,100,2.06,US,1699653745
322,glace bay,46.1969,-59.957,4.32,83,75,4.47,CA,1699653746
323,ixtapa,20.7,-105.2,30.13,79,74,2.24,MX,1699653746
324,weno,7.4515,151.8468,26.97,94,100,4.12,FM,1699653234
325,ola,59.5833,151.2833,-17.11,83,5,5.84,RU,1699653746
326,canet-en-roussillon,42.7,3.0167,14.25,65,75,6.69,FR,1699653747
327,benghazi,32.1167,20.0667,22.37,65,2,3.32,LY,1699653747
328,tawau,4.2498,117.8871,25.07,85,95,1.71,MY,1699653747
329,saint-mandrier-sur-mer,43.078,5.929,12.92,69,0,8.23,FR,1699653748
330,praia,14.9215,-23.5087,25.3,65,40,5.66,CV,1699653748
331,bebedja,8.6761,16.566,24.33,76,80,2.12,TD,1699653749
332,minas de marcona,-15.2119,-75.1103,16.89,79,58,6.3,PE,1699653196
333,katsuura,35.1333,140.3,15.01,73,86,7.73,JP,1699653026
334,mopti,14.6667,-4.0,29.73,19,100,2.83,ML,1699653749
335,saynshand,44.8824,110.1163,-17.94,87,4,1.73,MN,1699653750
336,akersberga,59.4794,18.2997,7.81,94,100,3.17,SE,1699653750
337,bowen,-20.0167,148.2333,24.17,67,50,4.91,AU,1699653751
338,lyubim,58.3625,40.6843,3.5,86,90,3.08,RU,1699653751
339,acajutla,13.5928,-89.8275,29.64,63,4,2.37,SV,1699653751
340,vilyuchinsk,52.9306,158.4028,0.15,98,100,0.7,RU,1699653030
341,langzhong,31.5504,105.9938,16.6,83,100,2.57,CN,1699653752
342,srandakan,-7.9386,110.2506,24.42,87,97,1.16,ID,1699653752
343,rio grande,-32.035,-52.0986,18.06,86,88,9.07,BR,1699653737
344,midland,31.9974,-102.0779,13.78,63,100,3.6,US,1699653257
345,lianjiang,21.6467,110.2817,23.05,92,8,2.71,CN,1699653753
346,caldwell,43.6629,-116.6874,13.74,42,0,1.54,US,1699653753
347,tenenkou,14.4572,-4.9169,29.17,18,100,3.89,ML,1699653753
348,pindushi,62.9152,34.58,3.19,98,100,2.31,RU,1699653754
349,sucua,-2.4667,-78.1667,26.41,65,75,4.12,EC,1699653755
350,guanambi,-14.2233,-42.7814,29.79,31,9,5.27,BR,1699653756
351,shache,38.4167,77.2406,6.51,52,0,2.68,CN,1699653247
352,taounate,34.5,-4.8333,18.02,75,44,0.7,MA,1699653756
353,phang nga,8.4509,98.5298,25.02,94,99,1.25,TH,1699653757
354,nuuk,64.1835,-51.7216,-6.18,79,69,7.6,GL,1699653757
355,bojano,41.4857,14.4729,10.0,81,100,3.04,IT,1699653757
356,puerto real,36.5282,-6.1901,18.09,82,75,1.03,ES,1699653758
357,lorengau,-2.0226,147.2712,27.43,85,98,3.53,PG,1699653057
358,tal'menka,53.8183,83.5677,1.88,94,100,2.41,RU,1699653758
359,birjand,32.8663,59.2211,6.26,56,0,3.09,IR,1699653758
360,songea,-10.6833,35.65,23.07,52,96,2.81,TZ,1699653759
361,hammerfest,70.6634,23.6821,2.25,80,75,2.06,NO,1699653759
362,mount pearl,47.5166,-52.7813,2.96,90,75,10.29,CA,1699653760
363,tofol,5.3248,163.0078,28.32,81,100,5.94,FM,1699653186
364,abalak,58.1286,68.5944,2.42,72,100,1.8,RU,1699653760
365,castellammare del golfo,38.0188,12.8858,18.62,85,78,5.3,IT,1699653760
366,languyan,5.2618,120.0807,26.07,84,14,0.85,PH,1699653761
367,slavyanka,42.8633,131.3847,-4.14,50,0,5.39,RU,1699653761
368,kingston,17.997,-76.7936,31.53,74,20,10.8,JM,1699653192
369,machico,32.7,-16.7667,21.51,82,40,2.06,PT,1699653761
370,yueyang,29.3333,113.0919,9.62,80,100,6.11,CN,1699653761
371,balqash,46.8481,74.995,5.87,73,7,3.25,KZ,1699653762
372,nicoya,10.1483,-85.452,28.38,82,86,0.98,CR,1699653762
373,turriff,57.5384,-2.4593,8.21,87,98,4.93,GB,1699653762
374,ziro,27.6333,93.8333,7.79,71,75,1.03,IN,1699653763
375,fort stockton,30.894,-102.8793,7.03,93,100,5.14,US,1699653763
376,lichinga,-13.3128,35.2406,17.05,100,75,7.72,MZ,1699653763
377,whakatane,-37.9585,176.9854,18.82,56,0,1.79,NZ,1699653764
378,luderitz,-26.6481,15.1594,16.63,89,98,3.89,NA,1699653190
379,jinghong,21.991,100.7341,18.59,86,5,1.1,CN,1699653764
380,boguchany,58.3814,97.4531,-13.41,96,13,1.34,RU,1699653765
381,mission,26.2159,-98.3253,17.14,93,100,4.12,US,1699653185
382,aqsay,51.1678,52.995,5.41,88,100,7.21,KZ,1699653765
383,argostolion,38.1811,20.489,17.08,61,100,4.61,GR,1699653766
384,kudahuvadhoo,2.6708,72.8944,27.48,80,68,4.21,MV,1699653766
385,kenai,60.5544,-151.2583,-0.48,97,100,0.0,US,1699653766
386,lamar,33.6668,-95.5836,18.32,52,89,3.57,US,1699653767
387,voronovytsya,49.1095,28.6808,9.2,76,100,8.54,UA,1699653767
388,el charco,2.4769,-78.1105,26.16,89,100,3.38,CO,1699653767
389,rosarito,32.3333,-117.0333,27.18,67,90,3.51,MX,1699653618
390,belmonte,-15.8631,-38.8828,25.28,81,2,5.64,BR,1699653768
391,jaltenango de la paz,15.9167,-92.7167,23.67,63,36,1.62,MX,1699653768
392,huasahuasi,-11.3167,-75.6167,7.77,81,89,2.78,PE,1699653768
393,mukalla,14.5425,49.1242,26.06,64,1,1.74,YE,1699653233
394,santo antonio,-6.3106,-35.4789,24.47,71,4,4.34,BR,1699653769
395,melfort,52.8667,-104.6177,-1.93,74,7,5.14,CA,1699653769
396,sorong,-0.8833,131.25,25.82,89,100,3.2,ID,1699653769
397,sisimiut,66.9395,-53.6735,-5.8,81,95,5.73,GL,1699653176
398,kristiansund,63.1115,7.732,4.36,65,20,9.26,NO,1699653198
399,piacabucu,-10.4056,-36.4344,25.23,76,0,5.67,BR,1699653262
400,geraldton,-28.7667,114.6,14.23,82,100,4.63,AU,1699653770
401,galle,6.0367,80.217,25.47,85,43,1.2,LK,1699653771
402,loralai,30.3705,68.598,12.35,25,0,2.47,PK,1699653771
403,los frentones,-26.4077,-61.4137,41.22,18,80,6.08,AR,1699653771
404,lepsy,46.235,78.9456,5.72,80,31,3.15,KZ,1699653771
405,red oak,32.5176,-96.8044,17.03,76,100,2.68,US,1699653609
406,huarmey,-10.0681,-78.1522,21.28,77,3,4.88,PE,1699653176
407,arkhangel'sk,64.5401,40.5433,0.63,98,100,3.59,RU,1699653235
408,fort st. john,56.2499,-120.8529,4.94,52,20,7.72,CA,1699653772
409,dabeiba,7.0017,-76.2672,25.77,97,100,0.82,CO,1699653772
410,las cruces,32.3123,-106.7783,11.67,74,100,2.24,US,1699653551
411,dennery,13.8996,-60.8879,29.07,86,40,11.32,LC,1699653773
412,djambala,-2.5447,14.7533,20.19,98,100,0.71,CG,1699653773
413,puyang chengguanzhen,35.7028,115.0053,1.49,83,100,3.8,CN,1699653773
414,kuta,-8.7233,115.1723,25.97,88,20,2.68,ID,1699653774
415,vila velha,-20.3297,-40.2925,26.97,87,0,4.63,BR,1699653174
416,rio pardo,-29.9897,-52.3781,21.27,82,100,4.26,BR,1699653774
417,pohrebyshche,49.4864,29.2636,9.0,76,100,8.11,UA,1699653774
418,colonia menno,-22.3667,-59.8167,41.54,19,15,9.83,PY,1699653775
419,parnu,58.3859,24.4971,7.05,100,100,2.57,EE,1699653775
420,zaragoza,41.6561,-0.8773,17.49,65,75,2.57,ES,1699653775
421,kargasok,59.0556,80.8572,-0.02,95,100,2.68,RU,1699653776
422,bugul'ma,54.55,52.8,5.97,74,100,6.63,RU,1699653776
423,tukrah,32.5341,20.5791,20.63,76,1,2.38,LY,1699653776
424,ulaangom,49.9811,92.0667,-10.06,94,100,2.28,MN,1699653777
425,el bauga,18.262,33.9081,28.37,50,11,7.2,SD,1699653777
426,kofele,7.0667,38.7833,9.4,84,45,4.56,ET,1699653779
427,nishinoomote,30.7333,131.0,20.21,78,100,2.02,JP,1699653779
428,savanna-la-mar,18.219,-78.1332,29.97,82,50,1.18,JM,1699653780
429,beitbridge,-22.2167,30.0,22.14,63,0,3.17,ZW,1699653780
430,el granada,37.5027,-122.4694,21.76,41,0,6.69,US,1699653781
431,kapuskasing,49.4169,-82.4331,-2.95,86,75,5.14,CA,1699653781
432,sydney,-33.8679,151.2073,23.48,78,40,4.12,AU,1699653453
433,lompoc,34.6391,-120.4579,26.68,55,0,5.14,US,1699653781
434,brisas de zicatela,15.8369,-97.0419,31.29,48,40,3.09,MX,1699653260
435,illizi,26.4833,8.4667,22.22,15,0,1.7,DZ,1699653782
436,altai,46.3722,96.2583,-13.33,90,39,0.8,MN,1699653782
437,kindu,-2.95,25.95,20.9,96,100,0.17,CD,1699653783
438,vernon,50.2581,-119.2691,9.78,65,100,2.68,CA,1699653615
439,mega,4.05,38.3,15.87,72,95,4.76,ET,1699653783
440,hengchun,22.0042,120.7439,26.01,79,61,7.01,TW,1699653784
441,happy valley-goose bay,53.3168,-60.3315,-0.83,69,75,4.12,CA,1699653784
442,sinabang,2.4803,96.3801,25.81,84,100,0.6,ID,1699653191
443,andergrove,-21.0833,149.1833,26.47,70,47,3.79,AU,1699653784
444,sitka,57.0531,-135.33,7.94,66,75,8.23,US,1699653215
445,howrah,22.5892,88.3103,23.0,83,7,0.0,IN,1699653785
446,hamilton,39.1834,-84.5333,16.0,30,0,4.02,US,1699653785
447,crane,31.3974,-102.3501,13.14,48,88,3.26,US,1699653785
448,nabire,-3.3667,135.4833,25.15,85,87,1.91,ID,1699653786
449,edson,53.5835,-116.4356,9.08,27,0,2.57,CA,1699653786
450,coronel suarez,-37.4547,-61.9334,13.47,95,99,5.51,AR,1699653786
451,woolgoolga,-30.1106,153.2007,21.93,84,98,2.4,AU,1699653787
452,usogorsk,63.4106,48.6872,0.37,96,92,1.59,RU,1699653787
453,bakaly,55.1789,53.8028,4.68,94,100,0.09,RU,1699653788
454,deder,9.3167,41.45,13.23,60,76,1.24,ET,1699653788
455,pariaman,-0.619,100.12,25.03,92,100,1.2,ID,1699653788
456,pokhara,28.2333,83.9833,15.15,57,0,2.73,NP,1699653783
457,trairi,-3.2778,-39.2689,26.42,75,5,5.96,BR,1699653783
458,afaahiti,-17.75,-149.2833,28.93,84,98,5.2,PF,1699653789
459,las brenas,-27.0897,-61.0816,35.51,22,97,5.4,AR,1699653789
460,west side highway,46.184,-122.9172,11.01,90,100,4.02,US,1699653790
461,dryden,49.7833,-92.7503,-1.84,80,100,2.06,CA,1699653224
462,salvaterra de magos,39.0279,-8.7935,18.47,97,62,2.57,PT,1699653790
463,genhe,50.7833,121.5167,-16.75,80,92,0.85,CN,1699653212
464,alamosa,37.4695,-105.87,7.99,36,0,0.0,US,1699653791
465,walterboro,32.9052,-80.6668,24.94,60,40,0.0,US,1699653688
466,gainsborough,53.3833,-0.7667,6.53,89,1,2.9,GB,1699653791
467,belyy yar,53.6039,91.3903,-18.06,85,20,0.0,RU,1699653792
468,tocopilla,-22.092,-70.1979,22.28,63,19,3.69,CL,1699653792
469,imbituba,-28.24,-48.6703,20.37,91,45,6.26,BR,1699653792
470,coahuayana de hidalgo,18.7,-103.6583,29.05,69,94,1.31,MX,1699653793
471,la passe,45.5549,-0.8967,11.13,73,68,4.69,FR,1699653793
472,taishan,22.2514,112.7799,23.94,90,73,1.82,CN,1699653793
473,cerritos,33.8583,-118.0648,27.49,30,0,2.68,US,1699653638
474,kokkola,63.8385,23.1307,-0.04,95,100,5.14,FI,1699653794
475,cill airne,52.05,-9.5167,6.23,90,100,1.69,IE,1699653233
476,ivdel',60.6911,60.4206,2.33,91,100,1.34,RU,1699653255
477,alice springs,-23.7,133.8833,24.75,50,2,3.09,AU,1699653685
478,oranjemund,-28.55,16.4333,16.18,94,41,2.32,NA,1699653795
479,wakkanai,45.4094,141.6739,0.05,91,100,10.28,JP,1699653795
480,praia da vitoria,38.7333,-27.0667,22.14,83,75,12.15,PT,1699653749
481,narasannapeta,18.4167,84.05,21.54,74,3,2.51,IN,1699653796
482,huron,41.1501,-82.5499,12.6,52,6,4.93,US,1699653501
483,khorixas,-20.3667,14.9667,19.61,43,37,2.93,NA,1699653797
484,calvinia,-31.4707,19.776,20.32,36,40,2.7,ZA,1699653798
485,lom sak,16.7798,101.2422,23.02,90,99,1.54,TH,1699653798
486,northumberland,55.25,-2.0,3.16,85,4,2.6,GB,1699653658
487,sale,34.0389,-6.8166,17.64,100,16,2.06,MA,1699653542
488,auki,-8.7676,160.7034,25.7,91,100,4.49,SB,1699653799
489,aras-asan,8.8908,126.3033,25.42,87,26,1.19,PH,1699653799
490,aleksandrovsk-sakhalinskiy,50.8975,142.1561,-6.91,84,100,6.88,RU,1699653799
491,urzhar,47.093,81.6294,5.49,90,100,1.51,KZ,1699653799
492,puntarenas,9.9763,-84.8384,27.59,83,82,3.17,CR,1699653800
493,saint-felicien,48.6501,-72.4491,-0.62,100,100,3.6,CA,1699653800
494,hell-ville,-13.4,48.2667,27.01,77,22,2.71,MG,1699653801
495,ylitornio,66.3089,23.6773,-14.83,94,39,2.16,FI,1699653801
496,usinsk,65.9939,57.5281,-5.52,81,99,2.24,RU,1699653802
497,malax,62.9423,21.5731,0.55,100,100,4.63,FI,1699653804
498,zarand,30.8127,56.564,14.08,27,0,1.36,IR,1699653804
499,salinopolis,-0.6136,-47.3561,27.62,81,43,7.45,BR,1699653805
500,colon,9.3592,-79.9014,26.06,88,98,3.58,PA,1699653784
501,kristinestad,62.2743,21.376,5.28,92,100,5.85,FI,1699653805
502,big bend,-26.8167,31.9333,18.03,94,0,1.46,SZ,1699653805
503,den burg,53.0542,4.7972,9.99,73,75,5.66,NL,1699653806
504,yamada,39.4667,141.95,6.33,69,45,3.65,JP,1699653806
505,plastun,44.7561,136.2939,-6.33,56,1,5.46,RU,1699653807
506,borogontsy,62.6683,131.1683,-33.43,100,18,0.35,RU,1699653807
507,newman,37.3138,-121.0208,21.24,38,2,1.79,US,1699653807
508,ironwood,46.4547,-90.171,2.19,100,100,0.0,US,1699653808
509,mormugao,15.4,73.8,26.69,71,69,2.99,IN,1699653808
510,tanaina,61.6269,-149.4281,-0.68,93,100,0.89,US,1699653809
511,labytnangi,66.6572,66.4183,-11.28,90,76,1.76,RU,1699653809
512,roma,43.2128,-75.4557,8.79,62,100,3.09,US,1699653777
513,qamdo,31.1667,97.2333,-3.35,58,80,2.02,CN,1699653809
514,vallam,10.7167,79.0833,26.03,93,97,4.09,IN,1699653811
515,tarascon,43.8058,4.6603,8.5,87,45,3.46,FR,1699653811
516,point vernon,-25.25,152.8167,22.6,71,33,2.97,AU,1699653812
517,arkalyk,50.2486,66.9114,4.96,81,100,4.4,KZ,1699653812
518,salalah,17.0151,54.0924,26.93,70,21,0.64,OM,1699653812
519,valparaiso,-33.0393,-71.6273,15.13,94,100,1.54,CL,1699653614
520,dazhong,33.1997,120.4578,10.84,64,100,4.87,CN,1699653813
521,leava,-14.3,-178.1667,26.67,86,100,3.83,WF,1699653813
522,borkum,53.5809,6.6915,8.3,86,100,3.27,DE,1699653814
523,buala,-8.145,159.5921,26.09,90,100,0.68,SB,1699653814
524,cherepovets,59.1333,37.9,3.9,93,75,4.0,RU,1699653814
525,mek'ele,13.4967,39.4753,15.95,63,96,4.72,ET,1699653815
526,gokarna,14.55,74.3167,26.14,76,89,3.57,IN,1699653815
527,clarion,41.2148,-79.3853,11.11,47,73,2.91,US,1699653816
528,lubao,14.9167,120.55,26.04,86,99,2.0,PH,1699653816
529,tromso,69.6496,18.957,-0.99,93,20,1.54,NO,1699653816
530,lospalos,-8.5186,127.0025,23.26,67,98,0.81,TL,1699653816
531,zonguldak,41.25,31.8333,10.81,71,71,2.33,TR,1699653817
532,gracemere,-23.4333,150.45,24.95,65,18,2.06,AU,1699653817
533,boumahra ahmed,36.4583,7.5139,14.01,73,5,1.61,DZ,1699653817
534,veigne,47.2856,0.7408,8.23,83,20,3.6,FR,1699653817
535,olinda,-8.0089,-34.8553,26.85,69,40,4.63,BR,1699653818
536,chernyshevskiy,63.0128,112.4714,-13.7,85,47,2.49,RU,1699653818
537,belo sur tsiribihina,-19.7,44.55,23.56,76,0,1.9,MG,1699653818
538,'anat al qadimah,34.4659,41.9331,20.06,36,20,2.27,IQ,1699653819
539,egilsstadir,65.2653,-14.3948,-5.05,93,0,2.06,IS,1699653819
540,hit,33.6416,42.8251,22.45,32,34,4.04,IQ,1699653819
541,lamu,-2.2717,40.902,26.05,84,97,2.17,KE,1699653820
542,aktau,43.65,51.2,11.32,59,6,6.16,KZ,1699653820
543,thinadhoo,0.5333,72.9333,27.11,83,77,4.91,MV,1699653820
544,abrud,46.2667,23.0667,6.65,63,100,0.87,RO,1699653821
545,palmer,42.1584,-72.3287,8.23,62,40,3.09,US,1699653821
546,sampit,-2.5333,112.95,23.28,98,94,0.72,ID,1699653821
547,brezoi,45.338,24.2486,8.13,79,100,1.2,RO,1699653821
548,kidal,18.4411,1.4078,26.44,13,21,1.83,ML,1699653822
549,villa gesell,-37.2639,-56.973,16.14,87,100,7.32,AR,1699653822
550,pechora,65.1472,57.2244,-4.52,97,95,1.79,RU,1699653822
551,santa marta,11.2408,-74.199,32.16,72,20,3.13,CO,1699653673
552,sinan,34.8262,126.1086,3.06,67,84,11.4,KR,1699653823
553,severo-yeniseyskiy,60.3725,93.0408,-14.12,94,27,1.79,RU,1699653823
554,beau vallon,-20.4189,57.6953,25.68,88,20,2.06,MU,1699653823
555,magadan,59.5667,150.8,-17.28,80,3,4.84,RU,1699653824
556,thurgoona,-36.0451,146.9919,22.73,55,51,3.17,AU,1699653824
557,bocanda,7.0626,-4.4995,23.67,97,100,1.64,CI,1699653824
558,palu,-0.8917,119.8707,24.21,94,38,1.37,ID,1699653824
559,minas,-34.3759,-55.2377,13.93,93,100,11.01,UY,1699653825
